col0,col1,col2,col3,col4,col5,col6,col7,col8,col9,col10,col11,col12,col13,col14,col15,col16,col17,col18,col19,col20,col21,col22,col23,col24,col25,col26,col27,col28,col29,col30,col31,col32,col33,col34,col35,col36,col37,col38,col39,col40,col41,col42,col43,col44,col45,col46,col47,col48,col49,col50,col51,col52,col53,col54,col55,col56,col57,col58,col59,col60,col61,col62,col63,col64,col65,col66,col67,col68,col69,col70,col71,col72,col73,col74,col75,col76,col77,col78,col79,col80,col81,col82,col83,col84,col85,col86,col87,col88,col89,col90,col91,col92,col93,col94,col95,col96,col97,col98,col99,col100,col101,col102,col103,col104
5.0778199,5.1107711,5.1942561,5.2658073,5.4191379,5.4789525,5.8018811,5.8888397,6.0830927,6.0990331,6.7005059,6.8108248,6.8622157,6.9633883,7.4220063,7.8633661,8.1501539,8.1664963,8.6274874,8.667826,8.7529074,8.8850348,9.0142,9.7625507,10.1150937,10.431153,10.6745992,10.8158902,10.8182928,10.9938022,11.4145336,11.7022037,12.0835421,12.6253361,12.7137942,12.7318697,13.7797021,13.78752,14.022451,14.17098,14.3131559,14.4431301,14.6677416,14.6920163,15.0395069,15.2493371,15.3244193,16.4343542,16.5790023,16.6621665,18.7952663,19.563095,20.0002491,21.3204594,21.9293139,22.4704963,22.7719842,22.8452421,23.6731066,23.8371361,24.0233248,24.7089993,26.5082709,26.9489863,27.5337993,27.991603,28.2972104,28.4871148,28.714204,31.9530294,32.0038006,33.6599615,33.8042028,34.193606,35.71,37.4822247,38.4787644,41.3701999,43.5622719,44.2581726,45.9778676,49.5682817,52.513565,52.5687259,53.1009652,63.3271056,66.467539,67.4515439,70.3358806,79.9962462,90.082517,94.1982,107.6228469,117.681382,120.3909714,175.4588273,178.4135574,198.4434958,210.302519,213.3993424,236.7279406,244.833,245.44,249.3619455,305.8196777
